"Key id,Priority"
"BP-2054,MEDIUM"
"BP-2009,HIGH"
"BP-2008,LOW"
"BP-1995,MEDIUM"
"BP-1992,MEDIUM"
"BP-1971,MEDIUM"
"BP-1969,LOW"
"BP-1952,MEDIUM"
"BP-1902,LOW"
"BP-1808,LOW"
"BP-1745,HIGH"
"BP-1736,MEDIUM"
"BP-1718,LOW"
"BP-1713,LOW"
"BP-1671,MEDIUM"
"BP-1665,MEDIUM"
"BP-1640,LOW"
"BP-1627,MEDIUM"
"BP-1622,LOW"
"BP-1617,MEDIUM"
"BP-1586,MEDIUM"
"BP-1584,LOW"
"BP-1514,LOW"
"BP-1504,HIGH"
"BP-1496,LOW"
"BP-1491,MEDIUM"
"BP-1466,MEDIUM"
"BP-1456,LOW"
"BP-1391,LOW"
"BP-1389,LOW"
"BP-1387,MEDIUM"
"BP-1361,LOW"
"BP-1357,LOW"
"BP-1341,MEDIUM"
"BP-1325,LOW"
"BP-1324,MEDIUM"
"BP-1320,LOW"
"BP-1316,LOW"
"BP-1315,LOW"
"BP-1297,MEDIUM"
"BP-1269,MEDIUM"
"BP-1260,HIGH"
"BP-1245,MEDIUM"
"BP-1241,LOW"
"BP-1236,LOW"
"BP-1221,MEDIUM"
"BP-1198,LOW"
"BP-1192,MEDIUM"
"BP-1190,LOW"
"BP-1179,LOW"
"BP-1178,LOW"
"BP-1177,LOW"
"BP-1175,LOW"
"BP-1173,LOW"
"BP-1172,MEDIUM"
"BP-1169,LOW"
"BP-1168,LOW"
"BP-1166,LOW"
"BP-1161,LOW"
"BP-1158,LOW"
"BP-1156,LOW"
"BP-1155,LOW"
"BP-1668,MEDIUM"
"BP-1295,MEDIUM"
"BP-1743,LOW"
"BP-1473,MEDIUM"
"BP-1472,LOW"
"BP-1469,LOW"
"BP-1465,LOW"
"BP-1452,MEDIUM"
"BP-1322,LOW"
"BP-1311,LOW"
"BP-1289,LOW"
"BP-1265,LOW"
"BP-1231,LOW"
"BP-1206,MEDIUM"
"BP-1196,LOW"
"BP-1176,LOW"
"BP-1160,LOW"
"BP-1153,LOW"
"BP-1147,MEDIUM"
"BP-1129,LOW"
"BP-1079,LOW"
"BP-1574,LOW"
"BP-1557,MEDIUM"
"BP-1546,LOW"
"BP-1545,LOW"
"BP-1544,LOW"
"BP-1500,MEDIUM"
"BP-2014,LOW"
"BP-1967,LOW"
"BP-1929,LOW"
"BP-1567,LOW"